canonical_name,category,subcategory,platform_family
.NET,cloud_infra,Other Cloud,Microsoft
.NET Core,cloud_infra,Other Cloud,Microsoft
.NET Framework,cloud_infra,Other Cloud,Microsoft
3D Computer Vision,ml_framework,Computer Vision,
3D Gaussian Splatting,ml_framework,Other ML Frameworks,
3D Geometry,statistical_method,Other Statistical Methods,
3D Graphics,role_adjacent,Other Role Adjacent,
3D Reconstruction,ml_framework,Other ML Frameworks,
A/B Testing,statistical_method,A/B Testing,
A2A,genai,Other GenAI,
Ab Initio,data_engineering,Other Data Engineering,
ABAP,language,Other Languages,
Access Control,cloud_infra,Other Cloud,
Active Learning,ml_framework,Other ML Frameworks,
Adam Optimizer,ml_framework,Other ML Frameworks,
Adapters,genai,Other GenAI,
Adaptive Control,statistical_method,Other Statistical Methods,
ADAS,role_adjacent,Other Role Adjacent,
Adobe Analytics,analytics_bi,Other BI & Analytics,Adobe
Adobe Target,analytics_bi,Other BI & Analytics,Adobe
Adobe XD,role_adjacent,Other Role Adjacent,Adobe
Advanced Algorithms,ml_framework,Other ML Frameworks,
Advanced Analytics,analytics_bi,Other BI & Analytics,
Advanced Statistics,statistical_method,Statistics,
Adversarial Machine Learning,ml_framework,Other ML Frameworks,
Agent Architecture,genai,Other GenAI,
Agent Frameworks,genai,Other GenAI,
Agent Orchestration,genai,Other GenAI,
Agent-Based Systems,genai,Other GenAI,
Agentic AI,genai,Other GenAI,
Agentic Coding,genai,Other GenAI,
Agentic Workflows,genai,Agents,
AgentOps,genai,Other GenAI,
Agents,genai,Agents,
Agile,role_adjacent,Other Role Adjacent,
AI,ml_framework,Other ML Frameworks,
AI Algorithms,ml_framework,Other ML Frameworks,
AI Architectures,ml_framework,Other ML Frameworks,
AI Coding Assistants,genai,Other GenAI,
AI Evaluation,genai,Other GenAI,
AI Safety,genai,Other GenAI,
AI Systems,ml_framework,Other ML Frameworks,
AI Tools,ml_framework,Other ML Frameworks,
AI/ML,ml_framework,Other ML Frameworks,
AI/ML Modeling,ml_framework,Other ML Frameworks,
AI/ML Pipelines,mlops,Other MLOps,
Airbyte,data_engineering,Other Data Engineering,
AJAX,language,Other Languages,
Alation,data_engineering,Other Data Engineering,
Alembic,data_engineering,Other Data Engineering,
Alerting,mlops,Other MLOps,
Algorithm Design,ml_framework,Other ML Frameworks,
Algorithm Development,ml_framework,Other ML Frameworks,
Algorithms,ml_framework,Other ML Frameworks,
AlphaFold,ml_framework,Other ML Frameworks,
Alternative Data,role_adjacent,Other Role Adjacent,
Alteryx,analytics_bi,Other BI & Analytics,
Amazon Athena,data_platform,Other Data Platforms,AWS
Amazon Aurora,cloud_infra,Other Cloud,AWS
Amazon Bedrock,genai,Other GenAI,AWS
Amazon CloudWatch,cloud_infra,Other Cloud,AWS
Amazon DocumentDB,cloud_infra,Other Cloud,AWS
Amazon DynamoDB,cloud_infra,Other Cloud,AWS
Amazon EC2,cloud_infra,Other Cloud,AWS
Amazon ECR,cloud_infra,Other Cloud,AWS
Amazon ECS,cloud_infra,Other Cloud,AWS
Amazon EKS,cloud_infra,Kubernetes,AWS
Amazon EMR,data_engineering,Other Data Engineering,AWS
Amazon EventBridge,cloud_infra,Other Cloud,AWS
Amazon Kinesis,data_engineering,Other Data Engineering,AWS
Amazon MWAA,data_engineering,Apache Airflow,AWS
Amazon QuickSight,analytics_bi,Other BI & Analytics,AWS
Amazon RDS,cloud_infra,Other Cloud,AWS
Amazon Redshift,data_platform,Amazon Redshift,AWS
Amazon S3,cloud_infra,Other Cloud,AWS
Amazon SageMaker,mlops,SageMaker,AWS
Amazon SNS,cloud_infra,Other Cloud,AWS
Amazon SQS,cloud_infra,Other Cloud,AWS
Amazon Web Services,cloud_infra,AWS,AWS
Amplitude,analytics_bi,Other BI & Analytics,
Anaconda,language,Other Languages,
Analytical Modeling,statistical_method,Other Statistical Methods,
Analytics,analytics_bi,Other BI & Analytics,
Analytics Engineering,data_engineering,Other Data Engineering,
Angular,role_adjacent,Other Role Adjacent,
AngularJS,role_adjacent,Other Role Adjacent,
Anomaly Detection,ml_framework,Other ML Frameworks,
ANOVA,statistical_method,Other Statistical Methods,
Ansible,cloud_infra,Other Cloud,
Anthropic,genai,Other GenAI,Anthropic
Anthropic Claude,genai,Other GenAI,Anthropic
Apache,cloud_infra,Other Cloud,
Apache Accumulo,data_platform,Other Data Platforms,
Apache Airflow,data_engineering,Apache Airflow,
Apache Avro,data_engineering,Other Data Engineering,
Apache Beam,data_engineering,Other Data Engineering,
Apache Druid,data_platform,Other Data Platforms,
Apache Flink,data_engineering,Apache Flink,
Apache Hadoop,data_engineering,Other Data Engineering,
Apache Hudi,data_platform,Other Data Platforms,
Apache Iceberg,data_platform,Other Data Platforms,
Apache Kafka,data_engineering,Apache Kafka,
Apache NiFi,data_engineering,Other Data Engineering,
Apache Oozie,data_engineering,Other Data Engineering,
Apache OpenNLP,ml_framework,Other ML Frameworks,
Apache Parquet,data_engineering,Other Data Engineering,
Apache Pig,data_engineering,Other Data Engineering,
Apache Pinot,data_platform,Other Data Platforms,
Apache Pulsar,data_engineering,Other Data Engineering,
Apache Spark,data_engineering,Apache Spark,
Apache Sqoop,data_engineering,Other Data Engineering,
Apache Storm,data_engineering,Other Data Engineering,
Apache Superset,analytics_bi,Other BI & Analytics,
Apache TVM,ml_framework,Other ML Frameworks,
API,role_adjacent,Other Role Adjacent,
API Design,role_adjacent,Other Role Adjacent,
API Development,role_adjacent,Other Role Adjacent,
API Frameworks,role_adjacent,Other Role Adjacent,
API Gateway,cloud_infra,Other Cloud,
API Integration,role_adjacent,Other Role Adjacent,
Applied AI,ml_framework,Other ML Frameworks,
Applied Mathematics,statistical_method,Other Statistical Methods,
Applied ML,ml_framework,Other ML Frameworks,
Applied Statistics,statistical_method,Statistics,
Approximate Nearest Neighbors,ml_framework,Other ML Frameworks,
AppsFlyer,analytics_bi,Other BI & Analytics,
ArcGIS,analytics_bi,Other BI & Analytics,
Argo,mlops,Other MLOps,
ARIMA,statistical_method,Time Series,
Arize,mlops,Other MLOps,
ARM NEON,cloud_infra,Other Cloud,
Asana,role_adjacent,Other Role Adjacent,
Astronomer,data_engineering,Apache Airflow,
Asyncio,language,Other Languages,
Atlan,data_engineering,Other Data Engineering,
Atlassian Confluence,role_adjacent,Other Role Adjacent,Atlassian
Atlassian Jira,role_adjacent,Other Role Adjacent,Atlassian
Atlassian Suite,role_adjacent,Other Role Adjacent,Atlassian
Attention Mechanisms,ml_framework,Other ML Frameworks,
Attribution,analytics_bi,Other BI & Analytics,
Attribution Modeling,statistical_method,Other Statistical Methods,
Auction Theory,statistical_method,Other Statistical Methods,
Audience Segmentation,analytics_bi,Other BI & Analytics,
Audio Data Processing,ml_framework,Other ML Frameworks,
Audio Deepfake Detection,ml_framework,Other ML Frameworks,
Audio ML,ml_framework,Other ML Frameworks,
Autoencoders,ml_framework,Other ML Frameworks,
AutoGen,genai,Other GenAI,
AutoGPT,genai,Other GenAI,
Automated Evaluations,mlops,Other MLOps,
Automated Retraining,mlops,Other MLOps,
Automated Testing,role_adjacent,Other Role Adjacent,
Automation,role_adjacent,Other Role Adjacent,
AutoML,ml_framework,Other ML Frameworks,
Autonomous Control,ml_framework,Other ML Frameworks,
Autonomous Driving,role_adjacent,Other Role Adjacent,
AWS AppFlow,data_engineering,Other Data Engineering,AWS
AWS Batch,cloud_infra,Other Cloud,AWS
AWS CDK,cloud_infra,Other Cloud,AWS
AWS CloudFormation,cloud_infra,Other Cloud,AWS
AWS CloudWatch,cloud_infra,Other Cloud,AWS
AWS DMS,data_engineering,Other Data Engineering,AWS
AWS Fargate,cloud_infra,Other Cloud,AWS
AWS Glue,data_engineering,Other Data Engineering,AWS
AWS GovCloud,cloud_infra,Other Cloud,AWS
AWS IAM,cloud_infra,Other Cloud,AWS
AWS Kinesis,data_engineering,Other Data Engineering,AWS
AWS KMS,cloud_infra,Other Cloud,AWS
AWS Lake Formation,data_platform,Other Data Platforms,AWS
AWS Lambda,cloud_infra,Other Cloud,AWS
AWS Step Functions,cloud_infra,Other Cloud,AWS
Axolotl,genai,Other GenAI,
Azure Active Directory,cloud_infra,Other Cloud,Azure
Azure AI Services,genai,Other GenAI,Azure
Azure AI Studio,genai,Other GenAI,Azure
Azure Analysis Services,data_platform,Other Data Platforms,Azure
Azure App Service,cloud_infra,Other Cloud,Azure
Azure Blob Storage,cloud_infra,Other Cloud,Azure
Azure Cognitive Services,genai,Other GenAI,Azure
Azure Container Apps,cloud_infra,Other Cloud,Azure
Azure Cosmos DB,cloud_infra,Other Cloud,Azure
Azure Data Factory,data_engineering,Other Data Engineering,Azure
Azure Data Lake,data_platform,Other Data Platforms,Azure
Azure Data Lake Storage,data_platform,Other Data Platforms,Azure
Azure Databricks,data_platform,Databricks,Azure
Azure DevOps,cloud_infra,Other Cloud,Azure
Azure Event Hubs,data_engineering,Other Data Engineering,Azure
Azure Functions,cloud_infra,Other Cloud,Azure
Azure IoT Hub,cloud_infra,Other Cloud,Azure
Azure Key Vault,cloud_infra,Other Cloud,Azure
Azure Kubernetes Service,cloud_infra,Kubernetes,Azure
Azure Machine Learning,mlops,Other MLOps,Azure
Azure OpenAI,genai,Other GenAI,Azure
Azure Service Fabric,cloud_infra,Other Cloud,Azure
Azure SQL Database,cloud_infra,Other Cloud,Azure
Azure Storage,cloud_infra,Other Cloud,Azure
Azure Stream Analytics,data_engineering,Other Data Engineering,Azure
Azure Synapse,data_platform,Other Data Platforms,Azure
Azure Synapse Analytics,data_platform,Other Data Platforms,Azure
Backend Engineering,role_adjacent,Other Role Adjacent,
Backtesting,statistical_method,Other Statistical Methods,
Bash,language,Other Languages,
Batch Data Pipelines,data_engineering,Other Data Engineering,
Batch Inference,mlops,Other MLOps,
Batch Processing,data_engineering,Other Data Engineering,
Bayesian Experimentation,statistical_method,Other Statistical Methods,
Bayesian Inference,statistical_method,Bayesian Methods,
Bayesian Methods,statistical_method,Bayesian Methods,
Bayesian Modeling,statistical_method,Other Statistical Methods,
Bayesian Networks,statistical_method,Other Statistical Methods,
Bayesian Statistics,statistical_method,Bayesian Methods,
Behavior Trees,ml_framework,Other ML Frameworks,
Behavioral Analytics,analytics_bi,Other BI & Analytics,
Behavioral Modeling,statistical_method,Other Statistical Methods,
Benchmark Design,mlops,Other MLOps,
Benchmarking,mlops,Other MLOps,
Benchmarking Pipelines,mlops,Other MLOps,
BentoML,mlops,Other MLOps,
BERT,ml_framework,Other ML Frameworks,
BF16,ml_framework,Other ML Frameworks,
BI Dashboards,analytics_bi,Other BI & Analytics,
BI Tools,analytics_bi,Other BI & Analytics,
Bias Detection,genai,Other GenAI,
Bias Mitigation,genai,Other GenAI,
Bias-Variance Tradeoff,statistical_method,Other Statistical Methods,
Big Data,data_engineering,Other Data Engineering,
Big Data Analytics,data_engineering,Other Data Engineering,
Big Data Platforms,data_platform,Other Data Platforms,
Big Data Processing,data_engineering,Other Data Engineering,
BigQuery,data_platform,BigQuery,GCP
BigQuery ML,mlops,Other MLOps,GCP
Bigtable,cloud_infra,Other Cloud,GCP
Bioinformatics,role_adjacent,Other Role Adjacent,
Bioinformatics Software,role_adjacent,Other Role Adjacent,
Biostatistics,statistical_method,Other Statistical Methods,
Bitbucket,cloud_infra,Other Cloud,
Blender,role_adjacent,Other Role Adjacent,
Blockchain,role_adjacent,Other Role Adjacent,
Blockchain Data Analysis,role_adjacent,Other Role Adjacent,
Bloomberg Terminal,role_adjacent,Other Role Adjacent,
BMC Remedy,role_adjacent,Other Role Adjacent,
Bokeh,analytics_bi,Other BI & Analytics,
Boosting,ml_framework,Other ML Frameworks,
Boto3,cloud_infra,Other Cloud,AWS
Braintrust,genai,Other GenAI,
Brightfield Microscopy,role_adjacent,Other Role Adjacent,
Business Intelligence,analytics_bi,Other BI & Analytics,
C,language,Other Languages,
C#,language,Other Languages,
C++,language,Other Languages,
C/C++,language,Other Languages,
Caching,cloud_infra,Other Cloud,
CAD Software,role_adjacent,Other Role Adjacent,
Caffe,ml_framework,Other ML Frameworks,
Calculus,statistical_method,Other Statistical Methods,
Calibration,statistical_method,Other Statistical Methods,
Camera,role_adjacent,Other Role Adjacent,
Camera Simulation,role_adjacent,Other Role Adjacent,
Capacity Planning,role_adjacent,Other Role Adjacent,
CART,ml_framework,Other ML Frameworks,
Cassandra,cloud_infra,Other Cloud,
CatBoost,ml_framework,Other ML Frameworks,
Causal Analysis,statistical_method,Other Statistical Methods,
Causal Inference,statistical_method,Causal Inference,
Causal Machine Learning,statistical_method,Other Statistical Methods,
Causal Modeling,statistical_method,Other Statistical Methods,
CCPA,role_adjacent,Other Role Adjacent,
CDISC,role_adjacent,Other Role Adjacent,
Celery,data_engineering,Other Data Engineering,
Cell Culture Techniques,role_adjacent,Other Role Adjacent,
Census,data_engineering,Other Data Engineering,
Chain-of-Thought Prompting,genai,Other GenAI,
Change Data Capture,data_engineering,Other Data Engineering,
Channel Attribution,analytics_bi,Other BI & Analytics,
Chatbot Development,genai,Other GenAI,
Chatbots,genai,Other GenAI,
ChatGPT,genai,Other GenAI,OpenAI
Checkpointing,mlops,Other MLOps,
Chef,cloud_infra,Other Cloud,
Cheminformatics,role_adjacent,Other Role Adjacent,
Chi-Square Test,statistical_method,Other Statistical Methods,
Chroma,genai,Vector Databases,
Chunking Strategies,genai,Other GenAI,
Churn Modeling,ml_framework,Other ML Frameworks,
Churn Prediction,ml_framework,Other ML Frameworks,
CI/CD,cloud_infra,Other Cloud,
CI/CD for ML,mlops,Other MLOps,
CI/CD Pipelines,cloud_infra,Other Cloud,
CircleCI,cloud_infra,Other Cloud,
Claims Data,role_adjacent,Other Role Adjacent,
Clarity PPM,role_adjacent,Other Role Adjacent,
Classical Machine Learning,ml_framework,Other ML Frameworks,
Classification,statistical_method,Other Statistical Methods,
Classification Algorithms,statistical_method,Other Statistical Methods,
Classification Models,statistical_method,Other Statistical Methods,
Classifiers,statistical_method,Other Statistical Methods,
Claude,genai,Other GenAI,Anthropic
Claude Code,genai,Other GenAI,Anthropic
ClearML,mlops,Other MLOps,
ClickHouse,data_platform,Other Data Platforms,
Clinical Data Analysis,role_adjacent,Other Role Adjacent,
Clojure,language,Other Languages,
Cloud,cloud_infra,Other Cloud,
Cloud Composer,data_engineering,Apache Airflow,GCP
Cloud Computing,cloud_infra,Other Cloud,
Cloud Data Platforms,data_platform,Other Data Platforms,
Cloud Data Warehouses,data_platform,Other Data Platforms,
Cloud Deployment,cloud_infra,Other Cloud,
Cloud Environments,cloud_infra,Other Cloud,
Cloud Infrastructure,cloud_infra,Other Cloud,
Cloud ML Platforms,mlops,Other MLOps,
Cloud Platforms,cloud_infra,Other Cloud,
Cloud Services,cloud_infra,Other Cloud,
Cloud Technologies,cloud_infra,Other Cloud,
Cloud-Based Analytics,analytics_bi,Other BI & Analytics,
Cloud-Native,cloud_infra,Other Cloud,
Cloud-Native Architectures,cloud_infra,Other Cloud,
Cloud-Native Deployments,cloud_infra,Other Cloud,
Cloudera,data_platform,Other Data Platforms,
Cluster Analysis,statistical_method,Other Statistical Methods,
Clustering,statistical_method,Other Statistical Methods,
Clustering Algorithms,statistical_method,Other Statistical Methods,
CNTK,ml_framework,Other ML Frameworks,
Coalesce,data_engineering,Other Data Engineering,
Cobalt Strike,role_adjacent,Other Role Adjacent,
Codex,genai,Other GenAI,OpenAI
Coding Agents,genai,Other GenAI,
Cognos,analytics_bi,Other BI & Analytics,
Cohort Analysis,statistical_method,Other Statistical Methods,
Collaborative Filtering,ml_framework,Other ML Frameworks,
Collibra,data_engineering,Other Data Engineering,
Columnar Databases,data_platform,Other Data Platforms,
Combinatorial Optimization,statistical_method,Other Statistical Methods,
ComfyUI,genai,Other GenAI,
Command Line,role_adjacent,Other Role Adjacent,
Complex Queries,language,Other Languages,
Computational Modeling,statistical_method,Other Statistical Methods,
Computer Graphics,role_adjacent,Other Role Adjacent,
Computer Programming,language,Other Languages,
Computer Simulations,statistical_method,Other Statistical Methods,
Computer Vision,ml_framework,Computer Vision,
Concur,role_adjacent,Other Role Adjacent,
Concurrency,role_adjacent,Other Role Adjacent,
Conda,role_adjacent,Other Role Adjacent,
Confidence Intervals,statistical_method,Other Statistical Methods,
Confluence,role_adjacent,Other Role Adjacent,
Constrained Optimization,statistical_method,Other Statistical Methods,
Container Orchestration,cloud_infra,Other Cloud,
Containerization,cloud_infra,Other Cloud,
Containerized Applications,cloud_infra,Other Cloud,
Containerized Deployment,cloud_infra,Other Cloud,
Containers,cloud_infra,Other Cloud,
Content Understanding,genai,Other GenAI,
Context Engineering,genai,Other GenAI,
Contextual Bandits,statistical_method,Other Statistical Methods,
Continuous Delivery,cloud_infra,Other Cloud,
Continuous Integration,cloud_infra,Other Cloud,
Continuous Training,mlops,Other MLOps,
Control Systems,role_adjacent,Other Role Adjacent,
Conversational AI,genai,Other GenAI,
Conversion Prediction,statistical_method,Other Statistical Methods,
Conversion Tracking,analytics_bi,Other BI & Analytics,
Convex Optimization,statistical_method,Other Statistical Methods,
Convolutional Neural Networks,ml_framework,Other ML Frameworks,
Copilot Studio,genai,Other GenAI,Microsoft
Correlation,statistical_method,Other Statistical Methods,
Cosmos DB,data_platform,Other Data Platforms,Azure
Cost Optimization,cloud_infra,Other Cloud,
Counterfactual Analysis,statistical_method,Other Statistical Methods,
Coupa,role_adjacent,Other Role Adjacent,
CPLEX,ml_framework,Other ML Frameworks,
CPT,role_adjacent,Other Role Adjacent,
Credit Risk Modeling,role_adjacent,Other Role Adjacent,
CrewAI,genai,Other GenAI,
CRM,role_adjacent,Other Role Adjacent,
CRM Systems,role_adjacent,Other Role Adjacent,
Cross-Validation,statistical_method,Other Statistical Methods,
Cryptography,role_adjacent,Other Role Adjacent,
Crystal Reports,analytics_bi,Other BI & Analytics,
CSS,language,Other Languages,
CSS3,language,Other Languages,
CSV,data_engineering,Other Data Engineering,
CTEs,language,Other Languages,
CTR Prediction,ml_framework,Other ML Frameworks,
CUDA,ml_framework,Other ML Frameworks,
CUPED,statistical_method,Other Statistical Methods,
Cursor,genai,Other GenAI,
Customer Data Platform,data_platform,Other Data Platforms,
Customer Lifetime Value,statistical_method,Other Statistical Methods,
Customer Segmentation,statistical_method,Other Statistical Methods,
Cypher,language,Other Languages,
D3.js,analytics_bi,Other BI & Analytics,
Dagster,data_engineering,Other Data Engineering,
Dash,analytics_bi,Other BI & Analytics,
Dashboard Development,analytics_bi,Other BI & Analytics,
Dashboards,analytics_bi,Other BI & Analytics,
Dask,data_engineering,Other Data Engineering,
Data Acquisition Systems,data_engineering,Other Data Engineering,
Data Aggregation,data_engineering,Other Data Engineering,
Data Analysis,analytics_bi,Other BI & Analytics,
Data Analytics,analytics_bi,Other BI & Analytics,
Data Analytics Software,analytics_bi,Other BI & Analytics,
Data Annotation,role_adjacent,Other Role Adjacent,
Data APIs,data_engineering,Other Data Engineering,
Data Architecture,data_engineering,Other Data Engineering,
Data Augmentation,ml_framework,Other ML Frameworks,
Data Catalog,data_engineering,Other Data Engineering,
Data Cataloging,data_engineering,Other Data Engineering,
Data Classification,data_engineering,Other Data Engineering,
Data Cleaning,data_engineering,Other Data Engineering,
Data Collection,data_engineering,Other Data Engineering,
Data Contracts,data_engineering,Other Data Engineering,
Data Curation,data_engineering,Other Data Engineering,
Data Drift Detection,mlops,Other MLOps,
Data Engineering,data_engineering,Other Data Engineering,
Data Enrichment,data_engineering,Other Data Engineering,
Data Extraction,data_engineering,Other Data Engineering,
Data Fusion,data_engineering,Other Data Engineering,
Data Governance,data_engineering,Other Data Engineering,
Data Infrastructure,data_engineering,Other Data Engineering,
Data Ingestion,data_engineering,Other Data Engineering,
Data Integration,data_engineering,Other Data Engineering,
Data Integrity,data_engineering,Other Data Engineering,
Data Labeling,role_adjacent,Other Role Adjacent,
Data Lake,data_platform,Other Data Platforms,
Data Lake Architecture,data_platform,Other Data Platforms,
Data Lakehouse,data_platform,Other Data Platforms,
Data Lineage,data_engineering,Other Data Engineering,
Data Lineage Tracking,data_engineering,Other Data Engineering,
Data Management,data_engineering,Other Data Engineering,
Data Manipulation,data_engineering,Other Data Engineering,
Data Mapping,data_engineering,Other Data Engineering,
Data Mart,data_platform,Other Data Platforms,
Data Masking,data_engineering,Other Data Engineering,
Data Mesh,data_engineering,Other Data Engineering,
Data Migration,data_engineering,Other Data Engineering,
Data Mining,statistical_method,Other Statistical Methods,
Data Modeling,data_engineering,Other Data Engineering,
Data Monitoring,data_engineering,Other Data Engineering,
Data Normalization,data_engineering,Other Data Engineering,
Data Observability,data_engineering,Other Data Engineering,
Data Orchestration,data_engineering,Other Data Engineering,
Data Pipeline Architecture,data_engineering,Other Data Engineering,
Data Pipeline Design,data_engineering,Other Data Engineering,
Data Pipeline Development,data_engineering,Other Data Engineering,
Data Pipeline Management,data_engineering,Other Data Engineering,
Data Pipeline Orchestration,data_engineering,Other Data Engineering,
Data Pipelines,data_engineering,Other Data Engineering,
Data Platforms,data_platform,Other Data Platforms,
Data Preprocessing,data_engineering,Other Data Engineering,
Data Processing,data_engineering,Other Data Engineering,
Data Products,data_engineering,Other Data Engineering,
Data Profiling,data_engineering,Other Data Engineering,
Data Quality,data_engineering,Other Data Engineering,
Data Quality Assessment,data_engineering,Other Data Engineering,
Data Quality Assurance,data_engineering,Other Data Engineering,
Data Quality Checks,data_engineering,Other Data Engineering,
Data Quality Frameworks,data_engineering,Other Data Engineering,
Data Quality Monitoring,data_engineering,Other Data Engineering,
Data Quality Testing,data_engineering,Other Data Engineering,
Data Quality Validation,data_engineering,Other Data Engineering,
Data Querying,data_engineering,Other Data Engineering,
Data Science,statistical_method,Other Statistical Methods,
Data Scraping,data_engineering,Other Data Engineering,
Data Security,data_engineering,Other Data Engineering,
Data Simulation,statistical_method,Other Statistical Methods,
Data Standardization,data_engineering,Other Data Engineering,
Data Strategy,role_adjacent,Other Role Adjacent,
Data Streaming,data_engineering,Other Data Engineering,
Data Structures,role_adjacent,Other Role Adjacent,
Data Structures and Algorithms,role_adjacent,Other Role Adjacent,
Data Systems,data_engineering,Other Data Engineering,
Data Testing,data_engineering,Other Data Engineering,
Data Transformation,data_engineering,Other Data Engineering,
Data Validation,data_engineering,Other Data Engineering,
Data Validation Frameworks,data_engineering,Other Data Engineering,
Data Vault,data_engineering,Other Data Engineering,
Data Vault 2.0,data_engineering,Other Data Engineering,
Data Versioning,mlops,Other MLOps,
Data Virtualization,data_engineering,Other Data Engineering,
Data Visualization,analytics_bi,Other BI & Analytics,
Data Visualization Tools,analytics_bi,Other BI & Analytics,
Data Warehouse,data_platform,Other Data Platforms,
Data Warehouse Architecture,data_platform,Other Data Platforms,
Data Warehouse Design,data_platform,Other Data Platforms,
Data Warehousing,data_platform,Other Data Platforms,
Data Wrangling,data_engineering,Other Data Engineering,
Database Administration,data_engineering,Other Data Engineering,
Database Design,data_engineering,Other Data Engineering,
Database Management,data_engineering,Other Data Engineering,
Database Operations,data_engineering,Other Data Engineering,
Database Systems,data_platform,Other Data Platforms,
Databases,data_platform,Other Data Platforms,
Databricks,data_platform,Databricks,
Databricks Model Serving,mlops,Other MLOps,Databricks
Databricks SQL,data_platform,Databricks,Databricks
Databricks Workflows,data_engineering,Other Data Engineering,Databricks
Datadog,cloud_infra,Other Cloud,
DataHub,data_engineering,Other Data Engineering,
Dataiku,ml_framework,Other ML Frameworks,
DataOps,data_engineering,Other Data Engineering,
DAX,language,Other Languages,Microsoft
dbt,data_engineering,dbt,
dbt Cloud,data_engineering,dbt,dbt
DDL,language,Other Languages,
DDP,ml_framework,Other ML Frameworks,
Debezium,data_engineering,Other Data Engineering,
Decentralized Finance,role_adjacent,Other Role Adjacent,
Decision Forests,ml_framework,Other ML Frameworks,
Decision Trees,statistical_method,Other Statistical Methods,
Deep Learning,ml_framework,Other ML Frameworks,
Deep Neural Networks,ml_framework,Other ML Frameworks,
DeepEval,genai,Other GenAI,
DeepSpeed,ml_framework,Other ML Frameworks,
Deequ,data_engineering,Other Data Engineering,
Delta Lake,data_platform,Delta Lake,Databricks
Delta Live Tables,data_engineering,Other Data Engineering,Databricks
Delta Sharing,data_platform,Delta Lake,Databricks
Delta Tables,data_platform,Delta Lake,Databricks
Demand Forecasting,statistical_method,Other Statistical Methods,
Demand Modeling,statistical_method,Other Statistical Methods,
Denormalization,data_engineering,Other Data Engineering,
Descriptive Analytics,analytics_bi,Other BI & Analytics,
Descriptive Modeling,statistical_method,Other Statistical Methods,
Descriptive Statistics,statistical_method,Statistics,
Design of Experiments,statistical_method,Experimentation,
Design Patterns,role_adjacent,Other Role Adjacent,
Detection,ml_framework,Other ML Frameworks,
DevOps,cloud_infra,Other Cloud,
DevSecOps,cloud_infra,Other Cloud,
Dialogue Systems,genai,Other GenAI,
DICOM,role_adjacent,Other Role Adjacent,
Difference-in-Differences,statistical_method,Other Statistical Methods,
Differentiable Rendering,ml_framework,Other ML Frameworks,
Differential Privacy,statistical_method,Other Statistical Methods,
Diffusion Models,genai,Other GenAI,
Digital Signal Processing,role_adjacent,Other Role Adjacent,
Dimensional Modeling,data_engineering,Other Data Engineering,
Dimensionality Reduction,statistical_method,Other Statistical Methods,
Distillation,genai,Other GenAI,
Distributed Architecture,cloud_infra,Other Cloud,
Distributed Computing,cloud_infra,Other Cloud,
Distributed Data Processing,data_engineering,Other Data Engineering,
Distributed Data Systems,data_engineering,Other Data Engineering,
Distributed Inference,mlops,Other MLOps,
Distributed Storage Systems,cloud_infra,Other Cloud,
Distributed Systems,cloud_infra,Other Cloud,
Distributed Task Queues,cloud_infra,Other Cloud,
Distributed Tracing,cloud_infra,Other Cloud,
Distributed Training,ml_framework,Other ML Frameworks,
Distributional Semantics,statistical_method,Other Statistical Methods,
Django,role_adjacent,Other Role Adjacent,
Docker,cloud_infra,Docker,
Docker Compose,cloud_infra,Docker,
Document Chunking,genai,Other GenAI,
Document Classification,ml_framework,Other ML Frameworks,
Document Databases,data_platform,Other Data Platforms,
Document Intelligence,genai,Other GenAI,
Document Parsing,data_engineering,Other Data Engineering,
Document Processing,data_engineering,Other Data Engineering,
Document Search,genai,Other GenAI,
Document Understanding,genai,Other GenAI,
Domain Adaptation,ml_framework,Other ML Frameworks,
Domo,analytics_bi,Other BI & Analytics,
dplyr,ml_framework,Other ML Frameworks,
DPO,genai,Other GenAI,
Drift Detection,mlops,Other MLOps,
Drift Monitoring,mlops,Other MLOps,
Drupal,role_adjacent,Other Role Adjacent,
DSpace,role_adjacent,Other Role Adjacent,
DSPy,genai,Other GenAI,
DuckDB,data_platform,Other Data Platforms,
DVC,mlops,Other MLOps,
Dynamic Pricing,statistical_method,Other Statistical Methods,
Dynamic Programming,role_adjacent,Other Role Adjacent,
Dynatrace,cloud_infra,Other Cloud,
ECC,role_adjacent,Other Role Adjacent,
Econometrics,statistical_method,Other Statistical Methods,
EDA,statistical_method,Other Statistical Methods,
Edge AI,ml_framework,Other ML Frameworks,
Edge Computing,cloud_infra,Other Cloud,
Edge Deployment,mlops,Other MLOps,
EHR Data,role_adjacent,Other Role Adjacent,
Elastic,data_platform,Other Data Platforms,
Elasticsearch,data_platform,Other Data Platforms,
Electronic Data Capture,role_adjacent,Other Role Adjacent,
Electronic Health Records,role_adjacent,Other Role Adjacent,
Electronic Signal Processing,role_adjacent,Other Role Adjacent,
Elementary,data_engineering,Other Data Engineering,
ELISA,role_adjacent,Other Role Adjacent,
Elixir,language,Other Languages,
ELK Stack,cloud_infra,Other Cloud,
ELT,data_engineering,ETL,
Embedded Analytics,analytics_bi,Other BI & Analytics,
Embedded Linux,cloud_infra,Other Cloud,
Embedded Systems,role_adjacent,Other Role Adjacent,
Embedding Models,genai,Other GenAI,
Embedding Pipelines,genai,Other GenAI,
Embeddings,genai,Other GenAI,
Embodied AI,ml_framework,Other ML Frameworks,
Encryption,cloud_infra,Other Cloud,
Ensemble Methods,ml_framework,Other ML Frameworks,
Entity Extraction,ml_framework,NLP,
Entity Recognition,ml_framework,NLP,
Entity Resolution,data_engineering,Other Data Engineering,
EPBCS,role_adjacent,Other Role Adjacent,Oracle
ERP,role_adjacent,Other Role Adjacent,
ERP Systems,role_adjacent,Other Role Adjacent,
Esri ArcGIS,analytics_bi,Other BI & Analytics,
ETL,data_engineering,ETL,
ETL Design and Development,data_engineering,ETL,
ETL Development,data_engineering,ETL,
ETL Pipelines,data_engineering,ETL,
ETL Processes,data_engineering,ETL,
ETL Tools,data_engineering,ETL,
ETL/ELT,data_engineering,ETL,
Evaluation,statistical_method,Other Statistical Methods,
Evaluation Frameworks,mlops,Other MLOps,
Evaluation Pipelines,mlops,Other MLOps,
Event Tracking,analytics_bi,Other BI & Analytics,
Event-Driven Architecture,cloud_infra,Other Cloud,
Event-Driven Systems,cloud_infra,Other Cloud,
Experiment Tracking,mlops,Other MLOps,
Experimental Design,statistical_method,Experimentation,
Experimentation,statistical_method,Experimentation,
Experimentation Analysis,statistical_method,Other Statistical Methods,
Experimentation Frameworks,statistical_method,Other Statistical Methods,
Explainability,ml_framework,Other ML Frameworks,
Explainable AI,ml_framework,Other ML Frameworks,
Exploratory Analysis,statistical_method,Other Statistical Methods,
Facial Recognition,ml_framework,Other ML Frameworks,
Factor Analysis,statistical_method,Other Statistical Methods,
FAISS,genai,Vector Databases,
FastAPI,cloud_infra,Other Cloud,
FDA 21 CFR Part 11,role_adjacent,Other Role Adjacent,
Feast,mlops,Other MLOps,
Feature Engineering,ml_framework,Other ML Frameworks,
Feature Extraction,ml_framework,Other ML Frameworks,
Feature Flags,cloud_infra,Other Cloud,
Feature Pipelines,mlops,Other MLOps,
Feature Selection,ml_framework,Other ML Frameworks,
Feature Store,mlops,Other MLOps,
FedRAMP,role_adjacent,Other Role Adjacent,
Few-Shot Learning,genai,Other GenAI,
Few-Shot Prompting,genai,Other GenAI,
FHIR,role_adjacent,Other Role Adjacent,
Figma,role_adjacent,Other Role Adjacent,
Financial Analysis,role_adjacent,Other Role Adjacent,
Financial Modeling,role_adjacent,Other Role Adjacent,
Fine-Tuning,genai,Fine-tuning,
Fine-tuning,genai,Fine-tuning,
Fine-Tuning LLMs,genai,Other GenAI,
Finite Element Analysis,role_adjacent,Other Role Adjacent,
FISMA,role_adjacent,Other Role Adjacent,
Fivetran,data_engineering,Other Data Engineering,
Flask,cloud_infra,Other Cloud,
Fluorescence Microscopy,role_adjacent,Other Role Adjacent,
Flyte,mlops,Other MLOps,
Forecasting,statistical_method,Other Statistical Methods,
Forecasting Methods,statistical_method,Other Statistical Methods,
Forecasting Models,statistical_method,Other Statistical Methods,
Formal Methods,role_adjacent,Other Role Adjacent,
Foundation Models,genai,Other GenAI,
Fraud Detection,role_adjacent,Other Role Adjacent,
FSDP,ml_framework,Other ML Frameworks,
Full-Stack Development,role_adjacent,Other Role Adjacent,
Function Calling,genai,Other GenAI,
Functional Programming,role_adjacent,Other Role Adjacent,
Funnel Analysis,analytics_bi,Other BI & Analytics,
Gainsight,role_adjacent,Other Role Adjacent,
GANs,ml_framework,Other ML Frameworks,
GCS,cloud_infra,Other Cloud,GCP
GDAL,data_engineering,Other Data Engineering,
GDPR,role_adjacent,Other Role Adjacent,
Generalized Linear Models,statistical_method,Regression,
Generative AI,genai,Other GenAI,
Generative Modeling,genai,Other GenAI,
Genomics,role_adjacent,Other Role Adjacent,
GeoPandas,data_engineering,Other Data Engineering,
Geospatial Analysis,analytics_bi,Other BI & Analytics,
Geospatial Data,analytics_bi,Other BI & Analytics,
Geostatistics,statistical_method,Other Statistical Methods,
ggplot,analytics_bi,Other BI & Analytics,
Ghidra,role_adjacent,Other Role Adjacent,
GIS,analytics_bi,Other BI & Analytics,
Git,cloud_infra,Other Cloud,
Gitflow,cloud_infra,Other Cloud,
GitHub,cloud_infra,Other Cloud,
GitHub Actions,cloud_infra,Other Cloud,GitHub
GitHub Copilot,genai,Other GenAI,GitHub
GitLab,cloud_infra,Other Cloud,
GitLab CI/CD,cloud_infra,Other Cloud,GitLab
GitOps,cloud_infra,Other Cloud,
GKE,cloud_infra,Kubernetes,GCP
Gluon,ml_framework,Other ML Frameworks,
Go,language,Other Languages,
Google ADK,genai,Other GenAI,Google
Google Ads,role_adjacent,Other Role Adjacent,Google
Google Analytics,analytics_bi,Other BI & Analytics,Google
Google BigQuery,data_platform,BigQuery,GCP
Google Cloud Functions,cloud_infra,Other Cloud,GCP
Google Cloud Platform,cloud_infra,GCP,GCP
Google Cloud Run,cloud_infra,Other Cloud,GCP
Google Cloud SQL,data_platform,Other Data Platforms,GCP
Google Cloud Storage,cloud_infra,Other Cloud,GCP
Google Colab,cloud_infra,Other Cloud,Google
Google Data Studio,analytics_bi,Other BI & Analytics,Google
Google Dataflow,data_engineering,Other Data Engineering,GCP
Google Dataproc,data_engineering,Other Data Engineering,GCP
Google Docs,role_adjacent,Other Role Adjacent,Google
Google Earth,analytics_bi,Other BI & Analytics,Google
Google Firestore,data_platform,Other Data Platforms,GCP
Google Gemini,genai,Other GenAI,Google
Google Pub/Sub,data_engineering,Other Data Engineering,GCP
Google Sheets,analytics_bi,Other BI & Analytics,Google
Google Slides,role_adjacent,Other Role Adjacent,Google
Google Tag Manager,analytics_bi,Other BI & Analytics,Google
Google Vertex AI,mlops,Other MLOps,GCP
Google Workspace,role_adjacent,Other Role Adjacent,Google
GPT,genai,Other GenAI,OpenAI
GPT-4,genai,Other GenAI,OpenAI
GPU Acceleration,cloud_infra,Other Cloud,
GPU Clusters,cloud_infra,Other Cloud,
GPU Optimization,cloud_infra,Other Cloud,
GPU Programming,cloud_infra,Other Cloud,
Gradient Boosting,ml_framework,Other ML Frameworks,
Gradient Boosting Machines,ml_framework,Other ML Frameworks,
Gradient Descent,ml_framework,Other ML Frameworks,
Gradio,ml_framework,Other ML Frameworks,
Grafana,cloud_infra,Other Cloud,
Graph Algorithms,ml_framework,Other ML Frameworks,
Graph Analytics,analytics_bi,Other BI & Analytics,
Graph Databases,data_platform,Other Data Platforms,
Graph Machine Learning,ml_framework,Other ML Frameworks,
Graph Neural Networks,ml_framework,Other ML Frameworks,
Graph Ontology,role_adjacent,Other Role Adjacent,
Graph Theory,statistical_method,Other Statistical Methods,
Graphical Models,statistical_method,Other Statistical Methods,
GraphLab,ml_framework,Other ML Frameworks,
GraphQL,cloud_infra,Other Cloud,
GraphRAG,genai,Other GenAI,
Great Expectations,data_engineering,Other Data Engineering,
Greenplum,data_platform,Other Data Platforms,
Gremlin,language,Other Languages,
Groovy,language,Other Languages,
gRPC,cloud_infra,Other Cloud,
GRPO,genai,Other GenAI,
GStreamer,role_adjacent,Other Role Adjacent,
Guardrails,genai,Other GenAI,
Gurobi,ml_framework,Other ML Frameworks,
H2O,ml_framework,Other ML Frameworks,
Hadoop,data_engineering,Other Data Engineering,
Hallucination Detection,genai,Other GenAI,
Hallucination Mitigation,genai,Other GenAI,
HBase,data_platform,Other Data Platforms,
HDFS,data_engineering,Other Data Engineering,
Healthcare AI,role_adjacent,Other Role Adjacent,
Healthcare Claims Data,role_adjacent,Other Role Adjacent,
Heap,analytics_bi,Other BI & Analytics,
Hevo,data_engineering,Other Data Engineering,
Hex,analytics_bi,Other BI & Analytics,
Hierarchical Clustering,ml_framework,Other ML Frameworks,
Hierarchical Modeling,statistical_method,Other Statistical Methods,
High-Performance Computing,cloud_infra,Other Cloud,
Hightouch,data_engineering,Other Data Engineering,
HIPAA,role_adjacent,Other Role Adjacent,
Hive,data_platform,Other Data Platforms,
HiveQL,language,Other Languages,
HL7,role_adjacent,Other Role Adjacent,
HPLC,role_adjacent,Other Role Adjacent,
HTML,language,Other Languages,
HTML5,language,Other Languages,
HTTP,cloud_infra,Other Cloud,
HTTP APIs,cloud_infra,Other Cloud,
HubSpot,role_adjacent,Other Role Adjacent,
Hugging Face,genai,Hugging Face,Hugging Face
Hugging Face Transformers,genai,Hugging Face,Hugging Face
Human-in-the-Loop,genai,Other GenAI,
Humanoid Robotics,role_adjacent,Other Role Adjacent,
Hybrid Retrieval,genai,Other GenAI,
Hybrid Search,genai,Other GenAI,
Hyperparameter Tuning,ml_framework,Other ML Frameworks,
Hypothesis Testing,statistical_method,Other Statistical Methods,
Hypothesis Validation,statistical_method,Other Statistical Methods,
IAM,cloud_infra,Other Cloud,
IBM DataStage,data_engineering,Other Data Engineering,IBM
IBM Db2,data_platform,Other Data Platforms,IBM
ICD-10,role_adjacent,Other Role Adjacent,
Identity Resolution,data_engineering,Other Data Engineering,
Image Analysis,ml_framework,Other ML Frameworks,
Image Classification,ml_framework,Computer Vision,
Image Generation,genai,Other GenAI,
Image Processing,ml_framework,Other ML Frameworks,
Image Recognition,ml_framework,Computer Vision,
Imitation Learning,ml_framework,Reinforcement Learning,
Impala,data_platform,Other Data Platforms,
Imputation Techniques,statistical_method,Other Statistical Methods,
In-Context Learning,genai,Other GenAI,
Incremental Processing,data_engineering,Other Data Engineering,
Incrementality Testing,statistical_method,Experimentation,
Indexing,data_engineering,Other Data Engineering,
Inference,ml_framework,Other ML Frameworks,
Inference Frameworks,mlops,Other MLOps,
Inference Infrastructure,mlops,Other MLOps,
Inference Optimization,mlops,Other MLOps,
Inference Services,mlops,Other MLOps,
Inferential Statistics,statistical_method,Statistics,
InfluxDB,data_platform,Other Data Platforms,
Informatica,data_engineering,Other Data Engineering,Informatica
Informatica IICS,data_engineering,Other Data Engineering,Informatica
Informatica MDM,data_engineering,Other Data Engineering,Informatica
Informatica PowerCenter,data_engineering,Other Data Engineering,Informatica
Information Extraction,ml_framework,Other ML Frameworks,
Information Retrieval,ml_framework,Other ML Frameworks,
Information Theory,statistical_method,Other Statistical Methods,
Infrastructure as Code,cloud_infra,Other Cloud,
Instruction Tuning,genai,Other GenAI,
Instrumental Variables,statistical_method,Other Statistical Methods,
INT8,ml_framework,Other ML Frameworks,
Integration Testing,role_adjacent,Other Role Adjacent,
Inventory Optimization,role_adjacent,Other Role Adjacent,
Inverse Probability Weighting,statistical_method,Other Statistical Methods,
Inverse Reinforcement Learning,ml_framework,Reinforcement Learning,
IoT,cloud_infra,Other Cloud,
IRI,role_adjacent,Other Role Adjacent,
ISO 26262,role_adjacent,Other Role Adjacent,
Java,language,Other Languages,
JavaScript,language,Other Languages,
JAX,ml_framework,Other ML Frameworks,
JD Edwards,role_adjacent,Other Role Adjacent,
JDBC,cloud_infra,Other Cloud,
JEMA,role_adjacent,Other Role Adjacent,
Jenkins,cloud_infra,Other Cloud,
JFrog Artifactory,cloud_infra,Other Cloud,
Jira,role_adjacent,Other Role Adjacent,
JMP,analytics_bi,Other BI & Analytics,
jQuery,role_adjacent,Other Role Adjacent,
JSON,language,Other Languages,
JSON Schema Validation,data_engineering,Other Data Engineering,
Julia,language,Other Languages,
Jupyter,analytics_bi,Jupyter,
Jupyter Notebook,analytics_bi,Jupyter,
JupyterLab,analytics_bi,Jupyter,
K-Means Clustering,ml_framework,Other ML Frameworks,
K-Nearest Neighbors,ml_framework,Other ML Frameworks,
Kafka Streams,data_engineering,Apache Kafka,
Kanban,role_adjacent,Other Role Adjacent,
Keras,ml_framework,Keras,
Kernel Fusion,ml_framework,Other ML Frameworks,
Kibana,analytics_bi,Other BI & Analytics,
Kimball Methodology,data_engineering,Other Data Engineering,
KMS,cloud_infra,Other Cloud,AWS
KNIME,analytics_bi,Other BI & Analytics,
Knowledge Base,role_adjacent,Other Role Adjacent,
Knowledge Distillation,ml_framework,Other ML Frameworks,
Knowledge Engineering,role_adjacent,Other Role Adjacent,
Knowledge Graphs,data_platform,Other Data Platforms,
Kotlin,language,Other Languages,
KPI Reporting,analytics_bi,Other BI & Analytics,
KServe,mlops,Other MLOps,
Kubeflow,mlops,Kubeflow,
Kubernetes,cloud_infra,Kubernetes,
Kudu,data_platform,Other Data Platforms,
LabVIEW,role_adjacent,Other Role Adjacent,
LakeFS,data_engineering,Other Data Engineering,
Lakehouse Architecture,data_platform,Other Data Platforms,
LangChain,genai,LangChain,
Langfuse,genai,Other GenAI,
LangGraph,genai,LangChain,
LangSmith,genai,LangChain,
Language Modeling,genai,Other GenAI,
Language Models,genai,Other GenAI,
Large Datasets,data_engineering,Other Data Engineering,
Large-Scale Data Analysis,data_engineering,Other Data Engineering,
Large-Scale Data Pipelines,data_engineering,Other Data Engineering,
Large-Scale Data Processing,data_engineering,Other Data Engineering,
Large-Scale Databases,data_platform,Other Data Platforms,
Large-Scale Machine Learning,ml_framework,Other ML Frameworks,
Large-Scale Model Training,ml_framework,Other ML Frameworks,
Latency Optimization,mlops,Other MLOps,
LDA,statistical_method,Other Statistical Methods,
LiDAR,role_adjacent,Other Role Adjacent,
LiDAR Simulation,role_adjacent,Other Role Adjacent,
Lift Measurement,statistical_method,Other Statistical Methods,
Lightdash,analytics_bi,Other BI & Analytics,
LightGBM,ml_framework,LightGBM,
Linear Algebra,statistical_method,Other Statistical Methods,
Linear Models,statistical_method,Regression,
Linear Programming,statistical_method,Other Statistical Methods,
Linear Regression,statistical_method,Regression,
Link Analysis,statistical_method,Other Statistical Methods,
Linux,cloud_infra,Other Cloud,
Linux Command Line,cloud_infra,Other Cloud,
LLaMA,genai,Other GenAI,
llama.cpp,genai,Other GenAI,
LlamaIndex,genai,Other GenAI,
LLM,genai,LLM,
LLM Agents,genai,Agents,
LLM Alignment,genai,Other GenAI,
LLM APIs,genai,Other GenAI,
LLM Applications,genai,Other GenAI,
LLM Deployment,genai,Other GenAI,
LLM Evaluation,genai,Other GenAI,
LLM Evaluation Frameworks,genai,Other GenAI,
LLM Inference,genai,Other GenAI,
LLM Integration,genai,Other GenAI,
LLM Monitoring,genai,Other GenAI,
LLM Observability,genai,Other GenAI,
LLM Orchestration,genai,Other GenAI,
LLM Orchestration Frameworks,genai,Other GenAI,
LLM Pipelines,genai,Other GenAI,
LLM Training,genai,Other GenAI,
LLM-as-a-Judge,genai,Other GenAI,
LLM-Based Agentic Systems,genai,Other GenAI,
LLM-Based Systems,genai,Other GenAI,
LLMOps,genai,Other GenAI,
Localization,role_adjacent,Other Role Adjacent,
Loco-Manipulation,role_adjacent,Other Role Adjacent,
Logging,cloud_infra,Other Cloud,
Logistic Regression,statistical_method,Regression,
Logstash,data_engineering,Other Data Engineering,
LOINC,role_adjacent,Other Role Adjacent,
Longitudinal Data Analysis,statistical_method,Other Statistical Methods,
Lookalike Modeling,statistical_method,Other Statistical Methods,
Looker,analytics_bi,Looker,
Looker Studio,analytics_bi,Looker,Google
LookML,analytics_bi,Looker,Looker
LoRA,genai,Other GenAI,
LSH,ml_framework,Other ML Frameworks,
LSTM,ml_framework,Other ML Frameworks,
LTV Modeling,statistical_method,Other Statistical Methods,
Lucene,data_engineering,Other Data Engineering,
Lucidchart,role_adjacent,Other Role Adjacent,
Luigi,data_engineering,Other Data Engineering,
M Language,language,Other Languages,
Machine Learning,ml_framework,Other ML Frameworks,
Machine Learning Algorithms,ml_framework,Other ML Frameworks,
Machine Learning Engineering,ml_framework,Other ML Frameworks,
Machine Learning Frameworks,ml_framework,Other ML Frameworks,
Machine Learning Lifecycle,mlops,Other MLOps,
Machine Learning Models,ml_framework,Other ML Frameworks,
Machine Learning Pipelines,mlops,Other MLOps,
Machine Translation,ml_framework,Other ML Frameworks,
Macros,role_adjacent,Other Role Adjacent,
Malware Analysis,role_adjacent,Other Role Adjacent,
Mammalian Cell Culture,role_adjacent,Other Role Adjacent,
MapReduce,data_engineering,Other Data Engineering,
MariaDB,data_platform,Other Data Platforms,
Markdown,language,Other Languages,
Marketing Analytics,role_adjacent,Other Role Adjacent,
Marketing Attribution,role_adjacent,Other Role Adjacent,
Marketing Automation,role_adjacent,Other Role Adjacent,
Marketing Mix Modeling,statistical_method,Other Statistical Methods,
Marketo,role_adjacent,Other Role Adjacent,
Master Data Management,data_engineering,Other Data Engineering,
Matching,statistical_method,Other Statistical Methods,
Materialized Views,data_engineering,Other Data Engineering,
Mathematica,language,Other Languages,
Mathematical Modeling,statistical_method,Other Statistical Methods,
Mathematical Optimization,statistical_method,Other Statistical Methods,
Mathematical Programming,statistical_method,Other Statistical Methods,
Matillion,data_engineering,Other Data Engineering,
MATLAB,language,Other Languages,
Matplotlib,analytics_bi,Matplotlib,
Matrix Factorization,statistical_method,Other Statistical Methods,
MCP,genai,Other GenAI,
MCP Servers,genai,Other GenAI,
MDX,language,Other Languages,
Medallion Architecture,data_engineering,Other Data Engineering,
Medical Imaging,role_adjacent,Other Role Adjacent,
Medical NLP,role_adjacent,Other Role Adjacent,
Medidata Rave,role_adjacent,Other Role Adjacent,
Megatron,genai,Other GenAI,
Memgraph,data_platform,Other Data Platforms,
Memory,role_adjacent,Other Role Adjacent,
Mendix,role_adjacent,Other Role Adjacent,
Message Queuing,data_engineering,Other Data Engineering,
Meta Ads,role_adjacent,Other Role Adjacent,
Metabase,analytics_bi,Other BI & Analytics,
Metadata Management,data_engineering,Other Data Engineering,
Metaflow,mlops,Other MLOps,
Metaplane,data_engineering,Other Data Engineering,
Metric Design,statistical_method,Other Statistical Methods,
Metrics,statistical_method,Other Statistical Methods,
Microscopy,role_adjacent,Other Role Adjacent,
Microservices,cloud_infra,Other Cloud,
Microsoft 365,role_adjacent,Other Role Adjacent,Microsoft
Microsoft Access,data_platform,Other Data Platforms,Microsoft
Microsoft Azure,cloud_infra,Azure,Azure
Microsoft Azure DevOps,cloud_infra,Other Cloud,Azure
Microsoft Copilot Studio,genai,Other GenAI,Microsoft
Microsoft Dynamics,role_adjacent,Other Role Adjacent,Microsoft
Microsoft Dynamics 365,role_adjacent,Other Role Adjacent,Microsoft
Microsoft Excel,analytics_bi,Excel,Microsoft
Microsoft Fabric,data_platform,Other Data Platforms,Microsoft
Microsoft Office,role_adjacent,Other Role Adjacent,Microsoft
Microsoft Outlook,role_adjacent,Other Role Adjacent,Microsoft
Microsoft Power Automate,role_adjacent,Other Role Adjacent,Microsoft
Microsoft Power BI,analytics_bi,Power BI,Microsoft
Microsoft Power Platform,role_adjacent,Other Role Adjacent,Microsoft
Microsoft PowerPoint,role_adjacent,Other Role Adjacent,Microsoft
Microsoft Project,role_adjacent,Other Role Adjacent,Microsoft
Microsoft SharePoint,role_adjacent,Other Role Adjacent,Microsoft
Microsoft SQL Server,data_platform,Other Data Platforms,Microsoft
Microsoft Teams,role_adjacent,Other Role Adjacent,Microsoft
Microsoft Visio,role_adjacent,Other Role Adjacent,Microsoft
Microsoft Word,role_adjacent,Other Role Adjacent,Microsoft
MicroStrategy,analytics_bi,Other BI & Analytics,
Milvus,genai,Vector Databases,
Minitab,analytics_bi,Other BI & Analytics,
Mistral,genai,Other GenAI,
Mixed Integer Programming,statistical_method,Other Statistical Methods,
Mixed Models,statistical_method,Other Statistical Methods,
Mixed Precision Training,ml_framework,Other ML Frameworks,
Mixpanel,analytics_bi,Other BI & Analytics,
Mixture of Experts,genai,Other GenAI,
ML Feature Stores,mlops,Other MLOps,
ML Inference,mlops,Other MLOps,
ML Infrastructure,mlops,Other MLOps,
ML Model Development,ml_framework,Other ML Frameworks,
ML Modeling,ml_framework,Other ML Frameworks,
ML Platforms,mlops,Other MLOps,
ML Services,mlops,Other MLOps,
ML Systems,mlops,Other MLOps,
ML Training Systems,mlops,Other MLOps,
MLflow,mlops,MLflow,
MLIR,ml_framework,Other ML Frameworks,
MLlib,ml_framework,Other ML Frameworks,
MLOps,mlops,Other MLOps,
MLOps Pipelines,mlops,Other MLOps,
MLP,ml_framework,Other ML Frameworks,
Mode,analytics_bi,Other BI & Analytics,
Model Architectures,ml_framework,Other ML Frameworks,
Model Benchmarking,mlops,Other MLOps,
Model Building,ml_framework,Other ML Frameworks,
Model Compression,mlops,Other MLOps,
Model Deployment,mlops,Other MLOps,
Model Distillation,genai,Other GenAI,
Model Drift,mlops,Other MLOps,
Model Drift Detection,mlops,Other MLOps,
Model Evaluation,mlops,Other MLOps,
Model Fine-Tuning,genai,Fine-tuning,
Model Governance,mlops,Other MLOps,
Model Interpretability,mlops,Other MLOps,
Model Lifecycle Management,mlops,Other MLOps,
Model Monitoring,mlops,Other MLOps,
Model Observability,mlops,Other MLOps,
Model Optimization,mlops,Other MLOps,
Model Orchestration,mlops,Other MLOps,
Model Quantization,mlops,Other MLOps,
Model Registry,mlops,Other MLOps,
Model Retraining,mlops,Other MLOps,
Model Routing,mlops,Other MLOps,
Model Selection,statistical_method,Other Statistical Methods,
Model Serving,mlops,Other MLOps,
Model Training,ml_framework,Other ML Frameworks,
Model Training Pipelines,mlops,Other MLOps,
Model Validation,mlops,Other MLOps,
Model Versioning,mlops,Other MLOps,
Modeling,statistical_method,Other Statistical Methods,
Modeling and Simulation,statistical_method,Other Statistical Methods,
MongoDB,data_platform,Other Data Platforms,
Monitoring,cloud_infra,Other Cloud,
Monitoring and Observability,cloud_infra,Other Cloud,
Monte Carlo Simulation,statistical_method,Other Statistical Methods,
Motion Planning,role_adjacent,Other Role Adjacent,
MPP,data_platform,Other Data Platforms,
MPP Databases,data_platform,Other Data Platforms,
MQTT,data_engineering,Other Data Engineering,
MSK,data_engineering,Apache Kafka,AWS
Multi-Agent Orchestration,genai,Other GenAI,
Multi-Agent Simulation,genai,Other GenAI,
Multi-Agent Systems,genai,Other GenAI,
Multi-Agent Workflows,genai,Other GenAI,
Multi-Armed Bandits,statistical_method,Other Statistical Methods,
Multi-Model Orchestration,genai,Other GenAI,
Multi-Object Tracking,role_adjacent,Other Role Adjacent,
Multi-Objective Optimization,statistical_method,Other Statistical Methods,
Multi-Step Reasoning,genai,Other GenAI,
Multi-Task Learning,ml_framework,Other ML Frameworks,
Multi-Touch Attribution,statistical_method,Other Statistical Methods,
Multimodal,genai,Other GenAI,
Multimodal AI,genai,Other GenAI,
Multimodal Data,genai,Other GenAI,
Multimodal Data Processing,genai,Other GenAI,
Multimodal Generation,genai,Other GenAI,
Multimodal LLMs,genai,Other GenAI,
Multimodal Modeling,genai,Other GenAI,
Multimodal Models,genai,Other GenAI,
Multinomial Regression,statistical_method,Other Statistical Methods,
Multiple Regression,statistical_method,Regression,
Multivariate Analysis,statistical_method,Other Statistical Methods,
Multivariate Regression,statistical_method,Regression,
Multivariate Testing,statistical_method,Other Statistical Methods,
MWAA,data_engineering,Apache Airflow,AWS
MXNet,ml_framework,Other ML Frameworks,
MySQL,data_platform,Other Data Platforms,
n8n,role_adjacent,Other Role Adjacent,
Naive Bayes,statistical_method,Other Statistical Methods,
Named Entity Recognition,ml_framework,NLP,
Natural Language Interfaces,genai,Other GenAI,
Natural Language Querying,genai,Other GenAI,
Natural Language Understanding,ml_framework,NLP,
NCCL,ml_framework,Other ML Frameworks,
NDC,role_adjacent,Other Role Adjacent,
NeMo,genai,Other GenAI,
Neo4j,data_platform,Other Data Platforms,
Neptune,data_platform,Other Data Platforms,AWS
NeRF,ml_framework,Other ML Frameworks,
Netezza,data_platform,Other Data Platforms,
NetSuite,role_adjacent,Other Role Adjacent,
Network Analysis,statistical_method,Other Statistical Methods,
Neural Network Architectures,ml_framework,Other ML Frameworks,
Neural Networks,ml_framework,Other ML Frameworks,
Neural Rendering,ml_framework,Other ML Frameworks,
New Relic,cloud_infra,Other Cloud,
Next-Generation Sequencing,role_adjacent,Other Role Adjacent,
Next.js,role_adjacent,Other Role Adjacent,
Nielsen,role_adjacent,Other Role Adjacent,
NIST,role_adjacent,Other Role Adjacent,
NLP,ml_framework,NLP,
NLP Workflows,ml_framework,Other ML Frameworks,
NLTK,ml_framework,Other ML Frameworks,
Node.js,language,Other Languages,
Non-Relational Databases,data_platform,Other Data Platforms,
Nonparametric Models,statistical_method,Other Statistical Methods,
NoSQL,data_platform,Other Data Platforms,
NoSQL Databases,data_platform,Other Data Platforms,
Numerical Optimization,statistical_method,Other Statistical Methods,
NumPy,ml_framework,Other ML Frameworks,
OAuth,cloud_infra,Other Cloud,
OBIEE,analytics_bi,Other BI & Analytics,Oracle
Object Classification,ml_framework,Computer Vision,
Object Detection,ml_framework,Computer Vision,
Object Tracking,ml_framework,Computer Vision,
Object-Oriented Programming,language,Other Languages,
Observability,cloud_infra,Other Cloud,
OCR,ml_framework,Other ML Frameworks,
Offline Evaluation,mlops,Other MLOps,
OLAP,data_platform,Other Data Platforms,
OllyDbg,role_adjacent,Other Role Adjacent,
OLTP,data_platform,Other Data Platforms,
Omni,analytics_bi,Other BI & Analytics,
OMOP,role_adjacent,Other Role Adjacent,
OneDrive,role_adjacent,Other Role Adjacent,Microsoft
Online Experimentation,statistical_method,Experimentation,
Online Learning,ml_framework,Other ML Frameworks,
ONNX,mlops,Other MLOps,
ONNX Runtime,mlops,Other MLOps,
Ontologies,data_engineering,Other Data Engineering,
OpenAI,genai,Other GenAI,OpenAI
OpenAI API,genai,Other GenAI,OpenAI
OpenAI GPT,genai,Other GenAI,OpenAI
OpenCL,language,Other Languages,
OpenCV,ml_framework,Other ML Frameworks,
OpenSearch,data_platform,Other Data Platforms,AWS
OpenShift,cloud_infra,Kubernetes,
OpenStack,cloud_infra,Other Cloud,
OpenTelemetry,cloud_infra,Other Cloud,
Operational Data Store,data_platform,Other Data Platforms,
Operations Research,statistical_method,Other Statistical Methods,
Operator Fusion,ml_framework,Other ML Frameworks,
OPIR,role_adjacent,Other Role Adjacent,
Optimization,statistical_method,Other Statistical Methods,
Optimizely,analytics_bi,Other BI & Analytics,
OR-Tools,ml_framework,Other ML Frameworks,Google
Oracle,data_platform,Other Data Platforms,Oracle
Oracle Cloud Infrastructure,cloud_infra,Other Cloud,Oracle
Oracle Data Integrator,data_engineering,Other Data Engineering,Oracle
Oracle E-Business Suite,role_adjacent,Other Role Adjacent,Oracle
Oracle EPM,role_adjacent,Other Role Adjacent,Oracle
Oracle Financials,role_adjacent,Other Role Adjacent,Oracle
ORC,data_engineering,Other Data Engineering,
Orchestration,data_engineering,Other Data Engineering,
ORM,data_engineering,Other Data Engineering,
PaaS,cloud_infra,Other Cloud,
Palantir Foundry,data_platform,Other Data Platforms,
Pandas,ml_framework,Other ML Frameworks,
Parallel Computing,cloud_infra,Other Cloud,
Parallelized Data Transformations,data_engineering,Other Data Engineering,
Partial Least Squares,statistical_method,Other Statistical Methods,
Partitioning,data_engineering,Other Data Engineering,
Pattern Recognition,statistical_method,Other Statistical Methods,
PCA,statistical_method,Other Statistical Methods,
Peer-to-Peer Systems,cloud_infra,Other Cloud,
PEFT,genai,Other GenAI,
Pega,role_adjacent,Other Role Adjacent,
Pendo,analytics_bi,Other BI & Analytics,
Pentaho,data_engineering,Other Data Engineering,
PeopleSoft FSCM,role_adjacent,Other Role Adjacent,Oracle
Perception,role_adjacent,Other Role Adjacent,
Performance Monitoring,cloud_infra,Other Cloud,
Performance Optimization,cloud_infra,Other Cloud,
Performance Profiling,cloud_infra,Other Cloud,
Perl,language,Other Languages,
Personalization,statistical_method,Other Statistical Methods,
pgvector,genai,Vector Databases,
Phi,genai,Other GenAI,
PHP,language,Other Languages,
Phrase Detection,ml_framework,Other ML Frameworks,
Physics Simulation,role_adjacent,Other Role Adjacent,
Physiological Data,role_adjacent,Other Role Adjacent,
PI AF,role_adjacent,Other Role Adjacent,
Pinecone,genai,Vector Databases,
Pipeline Automation,data_engineering,Other Data Engineering,
Pipeline Development,data_engineering,Other Data Engineering,
Pipeline Observability,data_engineering,Other Data Engineering,
Pipeline Orchestration,data_engineering,Other Data Engineering,
Pipeline Parallelism,mlops,Other MLOps,
Pivot Tables,analytics_bi,Other BI & Analytics,
PL/SQL,language,Other Languages,Oracle
Playwright,role_adjacent,Other Role Adjacent,
Plotly,analytics_bi,Other BI & Analytics,
Poetry,language,Other Languages,
Polars,data_engineering,Other Data Engineering,
Policy Learning,statistical_method,Other Statistical Methods,
Pose Estimation,ml_framework,Computer Vision,
Posit Connect,analytics_bi,Other BI & Analytics,Posit
Post-Training,genai,Other GenAI,
Post-Training Quantization,genai,Other GenAI,
PostGIS,data_platform,Other Data Platforms,
PostgreSQL,data_platform,PostgreSQL,
PostHog,analytics_bi,Other BI & Analytics,
Postman,role_adjacent,Other Role Adjacent,
Power Analysis,statistical_method,Other Statistical Methods,
Power Apps,analytics_bi,Other BI & Analytics,Microsoft
Power Automate,analytics_bi,Other BI & Analytics,Microsoft
Power BI,analytics_bi,Power BI,Microsoft
Power BI Desktop,analytics_bi,Power BI,Microsoft
Power Pivot,analytics_bi,Other BI & Analytics,Microsoft
Power Query,analytics_bi,Other BI & Analytics,Microsoft
PowerPoint,role_adjacent,Other Role Adjacent,Microsoft
PowerShell,language,Other Languages,Microsoft
Precision and Recall,statistical_method,Other Statistical Methods,
Prediction,statistical_method,Other Statistical Methods,
Prediction Models,statistical_method,Other Statistical Methods,
Predictive Analytics,statistical_method,Other Statistical Methods,
Predictive Maintenance,role_adjacent,Other Role Adjacent,
Predictive Modeling,statistical_method,Other Statistical Methods,
Prefect,data_engineering,Other Data Engineering,
Prescriptive Analytics,statistical_method,Other Statistical Methods,
Prescriptive Modeling,statistical_method,Other Statistical Methods,
Preset,analytics_bi,Other BI & Analytics,
Presto,data_platform,Other Data Platforms,
Price Elasticity,statistical_method,Other Statistical Methods,
Pricing Algorithms,role_adjacent,Other Role Adjacent,
Pricing Optimization,role_adjacent,Other Role Adjacent,
Probabilistic Modeling,statistical_method,Other Statistical Methods,
Probabilistic Programming,statistical_method,Other Statistical Methods,
Probability,statistical_method,Statistics,
Probability and Statistics,statistical_method,Statistics,
Probability Distributions,statistical_method,Statistics,
Process Automation,role_adjacent,Other Role Adjacent,
Process Mapping,role_adjacent,Other Role Adjacent,
Process Mining,role_adjacent,Other Role Adjacent,
Product Analytics,analytics_bi,Other BI & Analytics,
Production Code,role_adjacent,Other Role Adjacent,
Production Deployment,mlops,Other MLOps,
Prometheus,cloud_infra,Other Cloud,
Prompt Engineering,genai,Prompt Engineering,
Prompt Injection,genai,Other GenAI,
Prompt Injection Detection,genai,Other GenAI,
Prompt Management,genai,Other GenAI,
Prompt Optimization,genai,Other GenAI,
Prompt Orchestration,genai,Other GenAI,
Prompt Tuning,genai,Other GenAI,
Prompt Versioning,genai,Other GenAI,
Propensity Modeling,statistical_method,Other Statistical Methods,
Propensity Score Matching,statistical_method,Other Statistical Methods,
Prophet,ml_framework,Other ML Frameworks,
Proteomics,role_adjacent,Other Role Adjacent,
Protocol Buffers,data_engineering,Other Data Engineering,
Prototyping,role_adjacent,Other Role Adjacent,
Pruning,ml_framework,Other ML Frameworks,
Psychometrics,statistical_method,Other Statistical Methods,
Pub/Sub,data_engineering,Other Data Engineering,GCP
PuLP,ml_framework,Other ML Frameworks,
Pulumi,cloud_infra,Other Cloud,
Puppet,cloud_infra,Other Cloud,
Puppeteer,role_adjacent,Other Role Adjacent,
PyArrow,data_engineering,Other Data Engineering,
Pydantic,language,Other Languages,
PyMC,ml_framework,Other ML Frameworks,
PySpark,data_engineering,Apache Spark,
Pytest,language,Other Languages,
Python,language,Python,
PyTorch,ml_framework,PyTorch,
Qdrant,genai,Vector Databases,
QGIS,analytics_bi,Other BI & Analytics,
Qlik,analytics_bi,Other BI & Analytics,Qlik
Qlik Sense,analytics_bi,Other BI & Analytics,Qlik
QlikView,analytics_bi,Other BI & Analytics,Qlik
QLoRA,genai,Other GenAI,
Quality Control,role_adjacent,Other Role Adjacent,
Quantitative Analysis,statistical_method,Other Statistical Methods,
Quantitative Research Methods,statistical_method,Other Statistical Methods,
Quantization,genai,Other GenAI,
Quantization-Aware Training,genai,Other GenAI,
Quasi-Experimental Design,statistical_method,Experimentation,
Query Optimization,data_engineering,Other Data Engineering,
Query Understanding,genai,Other GenAI,
Question Answering,genai,Other GenAI,
R,language,R,
R Markdown,language,Other Languages,
R Shiny,analytics_bi,Other BI & Analytics,
RabbitMQ,data_engineering,Other Data Engineering,
Radar,role_adjacent,Other Role Adjacent,
Radar Simulation,role_adjacent,Other Role Adjacent,
RAG,genai,RAG,
Ragas,genai,Other GenAI,
Random Forest,ml_framework,Other ML Frameworks,
Randomized Controlled Experiments,statistical_method,Experimentation,
Ranking,statistical_method,Other Statistical Methods,
Ranking Models,ml_framework,Other ML Frameworks,
RapidMiner,ml_framework,Other ML Frameworks,
Ray,mlops,Other MLOps,
RBAC,cloud_infra,Other Cloud,
RDBMS,data_platform,Other Data Platforms,
RDKit,ml_framework,Other ML Frameworks,
Re-Ranking,genai,Other GenAI,
React,role_adjacent,Other Role Adjacent,
Real-Time Bidding,role_adjacent,Other Role Adjacent,
Real-Time Data Pipelines,data_engineering,Other Data Engineering,
Real-Time Data Processing,data_engineering,Other Data Engineering,
Real-Time Decisioning,role_adjacent,Other Role Adjacent,
Real-Time Inference,mlops,Other MLOps,
Real-Time Inference Pipelines,mlops,Other MLOps,
Real-Time Processing,data_engineering,Other Data Engineering,
Real-Time Streaming,data_engineering,Other Data Engineering,
Real-Time Systems,cloud_infra,Other Cloud,
Real-World Data,role_adjacent,Other Role Adjacent,
Real-World Evidence,role_adjacent,Other Role Adjacent,
Reasoning,genai,Other GenAI,
Reasoning Loops,genai,Other GenAI,
Recommendation Algorithms,ml_framework,Other ML Frameworks,
Recommendation Models,ml_framework,Other ML Frameworks,
Recommendation Systems,ml_framework,Other ML Frameworks,
REDCap,role_adjacent,Other Role Adjacent,
Redis,data_platform,Other Data Platforms,
Redshift Spectrum,data_platform,Amazon Redshift,AWS
Regex,language,Other Languages,
Regression,statistical_method,Regression,
Regression Analysis,statistical_method,Regression,
Regression Modeling,statistical_method,Regression,
Regression Testing,role_adjacent,Other Role Adjacent,
Regression Trees,statistical_method,Other Statistical Methods,
Regularization,statistical_method,Other Statistical Methods,
Reinforcement Learning,ml_framework,Reinforcement Learning,
Relational Data Modeling,data_engineering,Other Data Engineering,
Relational Database Design,data_engineering,Other Data Engineering,
Relational Databases,data_platform,Other Data Platforms,
Relational Query Languages,language,Other Languages,
Remote Sensing,role_adjacent,Other Role Adjacent,
Report Writing,role_adjacent,Other Role Adjacent,
Reporting,analytics_bi,Other BI & Analytics,
Reporting Tools,analytics_bi,Other BI & Analytics,
Representation Learning,ml_framework,Other ML Frameworks,
Rerankers,genai,Other GenAI,
ResNet,ml_framework,Other ML Frameworks,
Responsible AI,genai,Other GenAI,
REST,cloud_infra,Other Cloud,
REST API,cloud_infra,Other Cloud,
retention modeling,statistical_method,Other Statistical Methods,
Retrieval,genai,Other GenAI,
revenue optimization,role_adjacent,Other Role Adjacent,
Reverse ETL,data_engineering,Other Data Engineering,
Reward Modeling,genai,Other GenAI,
Rewind Debugger,role_adjacent,Other Role Adjacent,
Risk Scoring,statistical_method,Other Statistical Methods,
Rivery,data_engineering,Other Data Engineering,
RL Post-training,genai,Other GenAI,
RLAIF,genai,Other GenAI,
RLHF,genai,Other GenAI,
RLVR,genai,Other GenAI,
RNA Purification,role_adjacent,Other Role Adjacent,
RNA-Seq,role_adjacent,Other Role Adjacent,
RNN,ml_framework,Other ML Frameworks,
Robot Learning,ml_framework,Other ML Frameworks,
Robotics,role_adjacent,Other Role Adjacent,
Robotics Foundation Models,genai,Other GenAI,
Root Cause Analysis,role_adjacent,Other Role Adjacent,
ROS,role_adjacent,Other Role Adjacent,
ROS2,role_adjacent,Other Role Adjacent,
Row-Level Security,data_engineering,Other Data Engineering,
RPA,role_adjacent,Other Role Adjacent,
RStudio,language,Other Languages,
RT-PCR,role_adjacent,Other Role Adjacent,
Ruby,language,Other Languages,
Ruby on Rails,role_adjacent,Other Role Adjacent,
Rust,language,Other Languages,
RxNorm,role_adjacent,Other Role Adjacent,
SaaS,cloud_infra,Other Cloud,
SAC Planning,analytics_bi,Other BI & Analytics,SAP
SAFe,role_adjacent,Other Role Adjacent,
SageMaker Feature Store,mlops,SageMaker,AWS
SageMaker Model Registry,mlops,SageMaker,AWS
SageMaker Pipelines,mlops,SageMaker,AWS
Salesforce,role_adjacent,Other Role Adjacent,Salesforce
Salesforce Agentforce,genai,Other GenAI,Salesforce
Salesforce Apex,language,Other Languages,Salesforce
Salesforce APIs,role_adjacent,Other Role Adjacent,Salesforce
Salesforce Marketing Cloud,role_adjacent,Other Role Adjacent,Salesforce
Salesforce Sales Cloud,role_adjacent,Other Role Adjacent,Salesforce
SAML,cloud_infra,Other Cloud,
Sampling Methods,statistical_method,Other Statistical Methods,
SAP,role_adjacent,Other Role Adjacent,SAP
SAP Analytics Cloud,analytics_bi,Other BI & Analytics,SAP
SAP Ariba,role_adjacent,Other Role Adjacent,SAP
SAP BusinessObjects,analytics_bi,Other BI & Analytics,SAP
SAP CO,role_adjacent,Other Role Adjacent,SAP
SAP ECC,role_adjacent,Other Role Adjacent,SAP
SAP FI,role_adjacent,Other Role Adjacent,SAP
SAP HANA,data_platform,Other Data Platforms,SAP
SAP MM,role_adjacent,Other Role Adjacent,SAP
SAP S/4HANA,role_adjacent,Other Role Adjacent,SAP
SARIMA,statistical_method,Time Series,
SAS,language,SAS,
SAS Enterprise Guide,analytics_bi,Other BI & Analytics,SAS
SAS Enterprise Miner,ml_framework,Other ML Frameworks,SAS
SAS/GRAPH,analytics_bi,Other BI & Analytics,SAS
SAS/QC,statistical_method,Other Statistical Methods,SAS
SAS/STAT,statistical_method,Other Statistical Methods,SAS
Satellite Imagery,role_adjacent,Other Role Adjacent,
Scala,language,Scala,
Scalable Data Architectures,data_engineering,Other Data Engineering,
Scalable ML Systems,mlops,Other MLOps,
Scenario Analysis,statistical_method,Other Statistical Methods,
Scenario Modeling,statistical_method,Other Statistical Methods,
Scheduling,role_adjacent,Other Role Adjacent,
Schema Design,data_engineering,Other Data Engineering,
Schema Evolution,data_engineering,Other Data Engineering,
Schema Management,data_engineering,Other Data Engineering,
Schema Validation,data_engineering,Other Data Engineering,
Scientific Computing,statistical_method,Other Statistical Methods,
scikit-learn,ml_framework,scikit-learn,
SciPy,ml_framework,Other ML Frameworks,
Scripting,language,Other Languages,
Scrum,role_adjacent,Other Role Adjacent,
SCSS,role_adjacent,Other Role Adjacent,
SDKs,role_adjacent,Other Role Adjacent,
SDLC,role_adjacent,Other Role Adjacent,
Seaborn,analytics_bi,Matplotlib,
Search,genai,Other GenAI,
Search Relevance,genai,Other GenAI,
Segment,data_engineering,Other Data Engineering,
Segmentation,statistical_method,Other Statistical Methods,
Self-Service Analytics,analytics_bi,Other BI & Analytics,
Semantic Analysis,genai,Other GenAI,
Semantic Chunking,genai,Other GenAI,
Semantic Data Modeling,data_engineering,Other Data Engineering,
Semantic Kernel,genai,Other GenAI,Microsoft
Semantic Layer,data_engineering,Other Data Engineering,
Semantic Scene Understanding,ml_framework,Other ML Frameworks,
Semantic Search,genai,Other GenAI,
Semantic Segmentation,ml_framework,Computer Vision,
Semantic Web,role_adjacent,Other Role Adjacent,
Semi-Supervised Learning,ml_framework,Other ML Frameworks,
Sensitivity Analysis,statistical_method,Other Statistical Methods,
Sensor Fusion,role_adjacent,Other Role Adjacent,
Sensor Simulation,role_adjacent,Other Role Adjacent,
Sentiment Analysis,ml_framework,NLP,
Sequence Modeling,ml_framework,Other ML Frameworks,
Sequential Testing,statistical_method,Experimentation,
Serverless Architecture,cloud_infra,Other Cloud,
Serverless Computing,cloud_infra,Other Cloud,
ServiceNow,role_adjacent,Other Role Adjacent,ServiceNow
ServiceNow HRSD,role_adjacent,Other Role Adjacent,ServiceNow
SFTP,cloud_infra,Other Cloud,
SharePoint,role_adjacent,Other Role Adjacent,Microsoft
Shell Scripting,language,Other Languages,
Shiny,analytics_bi,Other BI & Analytics,
SIEM,cloud_infra,Other Cloud,
Sigma,analytics_bi,Other BI & Analytics,
Signal Analysis,statistical_method,Other Statistical Methods,
Signal Processing,statistical_method,Other Statistical Methods,
Significance Testing,statistical_method,Other Statistical Methods,
SIMD,cloud_infra,Other Cloud,
Similarity Matching,genai,Other GenAI,
Similarity Search,genai,Other GenAI,
Simulation,statistical_method,Other Statistical Methods,
Simulation Environments,role_adjacent,Other Role Adjacent,
Simulation Modeling,statistical_method,Other Statistical Methods,
Sisense,analytics_bi,Other BI & Analytics,
Slack,role_adjacent,Other Role Adjacent,
Slowly Changing Dimensions,data_engineering,Other Data Engineering,
Slurm,cloud_infra,Other Cloud,
Small Language Models,genai,Other GenAI,
Smart Contracts,role_adjacent,Other Role Adjacent,
Smartsheet,role_adjacent,Other Role Adjacent,
SnapLogic,data_engineering,Other Data Engineering,
SNOMED CT,role_adjacent,Other Role Adjacent,
Snowflake,data_platform,Snowflake,Snowflake
Snowflake Schema,data_engineering,Other Data Engineering,
Snowpark,data_platform,Snowflake,Snowflake
Snowpipe,data_platform,Snowflake,Snowflake
SnowSQL,data_platform,Snowflake,Snowflake
SOAP,cloud_infra,Other Cloud,
SOAR,cloud_infra,Other Cloud,
Social Network Analysis,statistical_method,Other Statistical Methods,
Software Engineering,role_adjacent,Other Role Adjacent,
Software Testing,role_adjacent,Other Role Adjacent,
Solr,data_engineering,Other Data Engineering,
SOQL,language,Other Languages,Salesforce
Source Control,role_adjacent,Other Role Adjacent,
spaCy,ml_framework,Other ML Frameworks,
Spark MLlib,ml_framework,Other ML Frameworks,
Spark Scala,data_engineering,Apache Spark,
Spark SQL,data_engineering,Apache Spark,
Spark Streaming,data_engineering,Apache Spark,
SPARQL,language,Other Languages,
Speculative Decoding,genai,Other GenAI,
Speech,genai,Other GenAI,
Speech Generation,genai,Other GenAI,
Speech Processing,genai,Other GenAI,
Speech Recognition,genai,Other GenAI,
Speech Understanding,genai,Other GenAI,
Splunk,analytics_bi,Other BI & Analytics,
Spotfire,analytics_bi,Other BI & Analytics,
Spring,cloud_infra,Other Cloud,
Spring Boot,cloud_infra,Other Cloud,
SPSS,analytics_bi,Other BI & Analytics,
SQL,language,SQL,
SQL Server,data_platform,Other Data Platforms,Microsoft
SQL Tuning,data_engineering,Other Data Engineering,
SQLAlchemy,data_engineering,Other Data Engineering,
SQLMesh,data_engineering,Other Data Engineering,
SSAS,data_platform,Other Data Platforms,Microsoft
SSIS,data_engineering,Other Data Engineering,Microsoft
SSMS,data_platform,Other Data Platforms,Microsoft
SSRS,analytics_bi,Other BI & Analytics,Microsoft
Stable Diffusion,genai,Other GenAI,
Star Schema,data_engineering,Other Data Engineering,
Star/Snowflake Schemas,data_engineering,Other Data Engineering,
Stata,language,Other Languages,
Statistical Analysis,statistical_method,Statistics,
Statistical Concepts,statistical_method,Statistics,
Statistical Genetics,statistical_method,Other Statistical Methods,
Statistical Inference,statistical_method,Statistics,
Statistical Learning,statistical_method,Statistics,
Statistical Machine Learning,statistical_method,Statistics,
Statistical Methods,statistical_method,Statistics,
Statistical Modeling,statistical_method,Statistics,
Statistical Programming,statistical_method,Statistics,
Statistical Rigor,statistical_method,Statistics,
Statistical Significance,statistical_method,Statistics,
Statistical Software,statistical_method,Statistics,
Statistical Testing,statistical_method,Statistics,
Statistics,statistical_method,Statistics,
statsmodels,ml_framework,Other ML Frameworks,
Stitch,data_engineering,Other Data Engineering,
Stochastic Models,statistical_method,Other Statistical Methods,
Stochastic Optimization,statistical_method,Other Statistical Methods,
Stochastic Processes,statistical_method,Other Statistical Methods,
Stored Procedures,data_engineering,Other Data Engineering,
Stream Analytics,data_engineering,Other Data Engineering,
Stream Processing,data_engineering,Other Data Engineering,
Streaming,data_engineering,Other Data Engineering,
Streaming Architectures,data_engineering,Other Data Engineering,
Streaming Data Pipelines,data_engineering,Other Data Engineering,
Streaming Data Processing,data_engineering,Other Data Engineering,
Streaming Ingestion,data_engineering,Other Data Engineering,
Streamlit,analytics_bi,Other BI & Analytics,
StreamSets,data_engineering,Other Data Engineering,
Stripe,role_adjacent,Other Role Adjacent,
Structured Data Extraction,genai,Other GenAI,
Structured Outputs,genai,Other GenAI,
Subversion,role_adjacent,Other Role Adjacent,
Summarization,genai,Other GenAI,
Supervised Fine-Tuning,genai,Other GenAI,
Supervised Learning,ml_framework,Other ML Frameworks,
Support Vector Machines,ml_framework,Other ML Frameworks,
Survey Design and Analysis,statistical_method,Other Statistical Methods,
Survey123,role_adjacent,Other Role Adjacent,
Survival Analysis,statistical_method,Other Statistical Methods,
Survival Modeling,statistical_method,Other Statistical Methods,
Swift,language,Other Languages,
Synthetic Aperture Radar,role_adjacent,Other Role Adjacent,
Synthetic Controls,statistical_method,Other Statistical Methods,
Synthetic Data,genai,Other GenAI,
Synthetic Data Generation,genai,Other GenAI,
System Design,role_adjacent,Other Role Adjacent,
T-SQL,language,Other Languages,
T-Test,statistical_method,Other Statistical Methods,
Tableau,analytics_bi,Tableau,
Tableau Desktop,analytics_bi,Tableau,Tableau
Tableau Online,analytics_bi,Tableau,Tableau
Tableau Prep,analytics_bi,Tableau,Tableau
Tableau Prep Builder,analytics_bi,Tableau,Tableau
Tableau Server,analytics_bi,Tableau,Tableau
Talend,data_engineering,Other Data Engineering,
TDD,role_adjacent,Other Role Adjacent,
Tealium,analytics_bi,Other BI & Analytics,
Team Foundation Server,role_adjacent,Other Role Adjacent,
Tecton,mlops,Other MLOps,
Telemetry,mlops,Other MLOps,
Temporal,data_engineering,Other Data Engineering,
TensorFlow,ml_framework,TensorFlow,
TensorFlow Lite,ml_framework,Other ML Frameworks,
TensorRT,ml_framework,Other ML Frameworks,
Teradata,data_platform,Other Data Platforms,
Terraform,cloud_infra,Terraform,
Test Automation,role_adjacent,Other Role Adjacent,
Test-Driven Development,role_adjacent,Other Role Adjacent,
Text Analytics,statistical_method,Other Statistical Methods,
Text Classification,ml_framework,NLP,
Text Generation Inference,genai,Other GenAI,
Text Mining,statistical_method,Other Statistical Methods,
Text Processing,ml_framework,Other ML Frameworks,
Text Representation,ml_framework,Other ML Frameworks,
Text Summarization,genai,Other GenAI,
Text-to-SQL,genai,Other GenAI,
TFX,mlops,Other MLOps,
Theano,ml_framework,Other ML Frameworks,
ThoughtSpot,analytics_bi,Other BI & Analytics,
Threat Detection,role_adjacent,Other Role Adjacent,
Tidyverse,ml_framework,Other ML Frameworks,
Time Series,statistical_method,Time Series,
Time Series Analysis,statistical_method,Time Series,
Time Series Data,statistical_method,Time Series,
Time Series Forecasting,statistical_method,Time Series,
Time Series Modeling,statistical_method,Time Series,
Tokenization,genai,Other GenAI,
Tool Orchestration,genai,Other GenAI,
Tool Use,genai,Other GenAI,
Topic Modeling,statistical_method,Other Statistical Methods,
TorchServe,mlops,Other MLOps,
TorchVision,ml_framework,Other ML Frameworks,
Tracing,mlops,Other MLOps,
Tracking,mlops,Other MLOps,
Transcriptomics,role_adjacent,Other Role Adjacent,
Transfer Learning,ml_framework,Other ML Frameworks,
Transformers,ml_framework,Other ML Frameworks,
Tree-Based Models,ml_framework,Other ML Frameworks,
Trend Analysis,statistical_method,Other Statistical Methods,
Trino,data_engineering,Other Data Engineering,
Triton,mlops,Other MLOps,
TypeScript,language,Other Languages,
UI/UX Design,role_adjacent,Other Role Adjacent,
UiPath,role_adjacent,Other Role Adjacent,
UML,role_adjacent,Other Role Adjacent,
Uncertainty Quantification,statistical_method,Other Statistical Methods,
Unit Testing,role_adjacent,Other Role Adjacent,
Unity,role_adjacent,Other Role Adjacent,
Unity Catalog,data_platform,Other Data Platforms,Databricks
Unix,cloud_infra,Other Cloud,
Unix Shell Scripting,language,Other Languages,
Unix/Linux,cloud_infra,Other Cloud,
Unreal Engine,role_adjacent,Other Role Adjacent,
Unreal Engine AI Debugging Tools,role_adjacent,Other Role Adjacent,
Unsloth,genai,Other GenAI,
Unstructured Data,data_engineering,Other Data Engineering,
Unsupervised Learning,ml_framework,Other ML Frameworks,
Uplift Modeling,statistical_method,Other Statistical Methods,
User Behavior Analysis,analytics_bi,Other BI & Analytics,
User Modeling,statistical_method,Other Statistical Methods,
User Segmentation,analytics_bi,Other BI & Analytics,
User Stories,role_adjacent,Other Role Adjacent,
User-Defined Functions,data_engineering,Other Data Engineering,
Validation,statistical_method,Other Statistical Methods,
Variance Analysis,statistical_method,Other Statistical Methods,
Variance Reduction,statistical_method,Other Statistical Methods,
Variational Autoencoders,ml_framework,Other ML Frameworks,
VBA,language,Other Languages,
Vector Databases,genai,Vector Databases,
Vector Search,genai,Vector Databases,
Vectorization,ml_framework,Other ML Frameworks,
Vercel AI SDK,genai,Other GenAI,
VeRL,genai,Other GenAI,
Version Control,role_adjacent,Other Role Adjacent,
Vertex AI,mlops,Other MLOps,GCP
Vertex AI Pipelines,mlops,Other MLOps,GCP
Vespa,data_engineering,Other Data Engineering,
Video Generation,genai,Other GenAI,
Video Processing,ml_framework,Other ML Frameworks,
Virtual Warehouses,data_platform,Other Data Platforms,Snowflake
Visio,role_adjacent,Other Role Adjacent,
Vision Transformers,ml_framework,Other ML Frameworks,
Vision-Language Models,genai,Other GenAI,
Vision-Language-Action Models,genai,Other GenAI,
Visual Analytics,analytics_bi,Other BI & Analytics,
Visual Basic,language,Other Languages,
Visual Classification,ml_framework,Computer Vision,
Visual Reasoning,genai,Other GenAI,
Visual Studio,role_adjacent,Other Role Adjacent,
vLLM,genai,Other GenAI,
VLOOKUP,analytics_bi,Other BI & Analytics,
Vowpal Wabbit,ml_framework,Other ML Frameworks,
VS Code,role_adjacent,Other Role Adjacent,
Vue.js,role_adjacent,Other Role Adjacent,
Waterfall,role_adjacent,Other Role Adjacent,
Wearable Sensors,role_adjacent,Other Role Adjacent,
Weaviate,genai,Vector Databases,
Web Analytics,analytics_bi,Other BI & Analytics,
Web Development,role_adjacent,Other Role Adjacent,
Web Scraping,data_engineering,Other Data Engineering,
Web Services,cloud_infra,Other Cloud,
WebGL,role_adjacent,Other Role Adjacent,
WebSocket,cloud_infra,Other Cloud,
Weights & Biases,mlops,Weights & Biases,
Weka,ml_framework,Other ML Frameworks,
Window Functions,data_engineering,Other Data Engineering,
Windsurf,genai,Other GenAI,
Word Embeddings,ml_framework,Other ML Frameworks,
Word2Vec,ml_framework,Other ML Frameworks,
Workato,data_engineering,Other Data Engineering,
Workday,role_adjacent,Other Role Adjacent,
Workday Integrations,role_adjacent,Other Role Adjacent,Workday
Workday Studio,role_adjacent,Other Role Adjacent,Workday
Workflow Automation,role_adjacent,Other Role Adjacent,
Workflow Orchestration,data_engineering,Other Data Engineering,
World Models,genai,Other GenAI,
XGBoost,ml_framework,XGBoost,
XLA,ml_framework,Other ML Frameworks,
XLOOKUP,analytics_bi,Other BI & Analytics,
XML,language,Other Languages,
XSLT,language,Other Languages,
YAML,language,Other Languages,
Yarn,data_engineering,Other Data Engineering,
YOLO,ml_framework,Other ML Frameworks,
Zapier,role_adjacent,Other Role Adjacent,
Zendesk,role_adjacent,Other Role Adjacent,
ZenML,mlops,Other MLOps,
Zero-Shot Learning,genai,Other GenAI,
